Move,Orientation,Step,DTM
charge-shot,left,1,0:0:1:0:0:0:0:0:0:0:0:0:0:0:128:128:128:128
charge-shot,left,2,0:0:0:0:0:0:0:0:0:0:0:0:0:0:128:128:128:128
charge-shot,left,3,0:0:0:0:0:0:0:0:0:0:0:0:0:0:128:128:128:128
charge-shot,left,4,0:0:0:0:0:0:0:0:0:0:0:0:0:0:128:128:128:128
charge-shot,left,5,0:0:0:0:0:0:0:0:0:0:0:0:0:0:128:128:128:128
charge-shot,left,6,0:0:0:0:0:0:0:0:0:0:0:0:0:0:128:128:128:128
charge-shot,left,7,0:0:0:0:0:0:0:0:0:0:0:0:0:0:128:128:128:128
charge-shot,left,8,0:0:0:0:0:0:0:0:0:0:0:0:0:0:128:128:128:128
charge-shot,left,9,0:0:0:0:0:0:0:0:0:0:0:0:0:0:128:128:128:128
charge-shot,left,10,0:0:0:0:0:0:0:0:0:0:0:0:0:0:128:128:128:128
charge-shot,left,11,0:0:0:0:0:0:0:0:0:0:0:0:0:0:128:128:128:128
charge-shot,left,12,0:0:0:0:0:0:0:0:0:0:0:0:0:0:128:128:128:128
charge-shot,left,13,0:0:0:0:0:0:0:0:0:0:0:0:0:0:128:128:128:128
charge-shot,left,14,0:0:0:0:0:0:0:0:0:0:0:0:0:0:128:128:128:128
charge-shot,left,15,0:0:1:0:0:0:0:0:0:0:0:0:0:0:128:128:128:128
d-air,left,1,0:0:0:1:0:0:0:0:0:0:0:0:0:0:128:128:128:128
d-air,left,2,0:0:0:1:0:0:0:0:0:0:0:0:0:0:128:128:128:128
d-air,left,3,0:0:0:1:0:0:0:0:0:0:0:0:0:0:128:128:128:128
d-air,left,4,0:0:0:1:0:0:0:0:0:0:0:0:0:0:128:128:128:128
d-air,left,5,0:0:0:1:0:0:0:0:0:0:0:0:0:0:128:128:128:128
d-air,left,6,0:0:0:1:0:0:0:0:0:0:0:0:0:0:128:128:128:128
d-air,left,7,0:1:0:0:0:0:0:0:0:0:0:0:0:0:128:90:128:128
d-smash,left,1,0:1:0:0:0:0:0:0:0:0:0:0:0:0:128:50:128:128
d-tilt,left,1,0:1:0:0:0:0:0:0:0:0:0:0:0:0:128:90:128:128
n-air,left,1,0:0:0:1:0:0:0:0:0:0:0:0:0:0:128:128:128:128
n-air,left,2,0:0:0:1:0:0:0:0:0:0:0:0:0:0:128:128:128:128
n-air,left,3,0:0:0:1:0:0:0:0:0:0:0:0:0:0:128:128:128:128
n-air,left,4,0:0:0:1:0:0:0:0:0:0:0:0:0:0:128:128:128:128
n-air,left,5,0:0:0:1:0:0:0:0:0:0:0:0:0:0:128:128:128:128
n-air,left,6,0:0:0:1:0:0:0:0:0:0:0:0:0:0:128:128:128:128
n-air,left,7,0:1:0:0:0:0:0:0:0:0:0:0:0:0:128:128:128:128
neutral-a,left,1,0:1:0:0:0:0:0:0:0:0:0:0:0:0:128:128:128:128
neutral-b,left,1,0:0:1:0:0:0:0:0:0:0:0:0:0:0:128:128:128:128
u-air,left,1,0:0:0:1:0:0:0:0:0:0:0:0:0:0:128:128:128:128
u-air,left,2,0:0:0:1:0:0:0:0:0:0:0:0:0:0:128:128:128:128
u-air,left,3,0:0:0:1:0:0:0:0:0:0:0:0:0:0:128:128:128:128
u-air,left,4,0:0:0:1:0:0:0:0:0:0:0:0:0:0:128:128:128:128
u-air,left,5,0:0:0:1:0:0:0:0:0:0:0:0:0:0:128:128:128:128
u-air,left,6,0:0:0:1:0:0:0:0:0:0:0:0:0:0:128:128:128:128
u-air,left,7,0:1:0:0:0:0:0:0:0:0:0:0:0:0:128:165:128:128
u-smash,left,1,0:1:0:0:0:0:0:0:0:0:0:0:0:0:128:205:128:128
u-tilt,left,1,0:1:0:0:0:0:0:0:0:0:0:0:0:0:128:165:128:128
down-b,left,1,0:0:1:0:0:0:0:0:0:0:0:0:0:0:128:50:128:128
up-b,left,1,0:0:1:0:0:0:0:0:0:0:0:0:0:0:128:205:128:128
standing-grab,left,1,0:0:0:0:0:1:0:0:0:0:0:0:0:0:128:128:128:128
air-dodge,left,1,0:0:0:1:0:0:0:0:0:0:0:0:0:0:128:128:128:128
air-dodge,left,2,0:0:0:1:0:0:0:0:0:0:0:0:0:0:128:128:128:128
air-dodge,left,3,0:0:0:1:0:0:0:0:0:0:0:0:0:0:128:128:128:128
air-dodge,left,4,0:0:0:1:0:0:0:0:0:0:0:0:0:0:128:128:128:128
air-dodge,left,5,0:0:0:1:0:0:0:0:0:0:0:0:0:0:128:128:128:128
air-dodge,left,6,0:0:0:1:0:0:0:0:0:0:0:0:0:0:128:128:128:128
air-dodge,left,7,0:0:0:0:0:0:0:0:0:0:1:0:0:0:128:128:128:128
spot-dodge,left,1,0:0:0:0:0:0:0:0:0:0:1:0:0:0:128:50:128:128
full-jump,left,1,0:0:0:1:0:0:0:0:0:0:0:0:0:0:128:128:128:128
full-jump,left,2,0:0:0:1:0:0:0:0:0:0:0:0:0:0:128:128:128:128
full-jump,left,3,0:0:0:1:0:0:0:0:0:0:0:0:0:0:128:128:128:128
full-jump,left,4,0:0:0:1:0:0:0:0:0:0:0:0:0:0:128:128:128:128
full-jump,left,5,0:0:0:1:0:0:0:0:0:0:0:0:0:0:128:128:128:128
full-jump,left,6,0:0:0:1:0:0:0:0:0:0:0:0:0:0:128:128:128:128
short-hop,left,1,0:0:0:1:0:0:0:0:0:0:0:0:0:0:128:128:128:128
stand-1,left,1,0:0:0:0:0:0:0:0:0:0:0:0:0:0:128:128:128:128
stand-5,left,1,0:0:0:0:0:0:0:0:0:0:0:0:0:0:128:128:128:128
stand-10,left,1,0:0:0:0:0:0:0:0:0:0:0:0:0:0:128:128:128:128
stand-25,left,1,0:0:0:0:0:0:0:0:0:0:0:0:0:0:128:128:128:128
stand-100,left,1,0:0:0:0:0:0:0:0:0:0:0:0:0:0:128:128:128:128
background-off,left,1,0:0:0:1:0:0:0:1:0:0:0:0:0:0:128:128:128:128
background-off,left,2,0:0:0:0:0:0:0:0:0:0:0:0:0:0:128:128:128:128
background-off,left,3,0:0:0:1:0:0:0:1:0:0:0:0:0:0:128:128:128:128
background-off,left,4,0:0:0:0:0:0:0:0:0:0:0:0:0:0:128:128:128:128
background-off,left,5,0:0:0:0:0:0:0:0:0:0:0:0:0:0:128:128:128:128
background-off,left,6,0:0:0:1:0:0:0:1:0:0:0:0:0:0:128:128:128:128
hud-off,left,1,0:0:0:1:0:0:0:1:0:0:0:0:0:0:128:128:128:128
hud-off,left,2,0:0:0:0:0:0:0:0:0:0:0:0:0:0:128:128:128:128
hud-off,left,3,0:0:0:1:0:0:0:0:0:0:0:0:0:0:128:128:128:128
hud-off,left,4,0:0:0:0:0:0:0:0:0:0:0:0:0:0:128:128:128:128
hud-off,left,5,0:0:0:0:0:0:0:0:0:0:0:0:0:0:128:128:128:128
hud-off,left,6,0:0:0:1:0:0:0:0:0:0:0:0:0:0:128:128:128:128
double-jump,left,1,0:0:0:1:0:0:0:0:0:0:0:0:0:0:128:128:128:128
double-jump,left,2,0:0:0:0:0:0:0:0:0:0:0:0:0:0:128:128:128:128
double-jump,left,3,0:0:0:0:0:0:0:0:0:0:0:0:0:0:128:128:128:128
double-jump,left,4,0:0:0:0:0:0:0:0:0:0:0:0:0:0:128:128:128:128
double-jump,left,5,0:0:0:0:0:0:0:0:0:0:0:0:0:0:128:128:128:128
double-jump,left,6,0:0:0:1:0:0:0:0:0:0:0:0:0:0:128:128:128:128
shield-25,left,1,0:0:0:0:0:0:0:0:0:0:1:0:0:0:128:128:128:128
shield-25,left,2,0:0:0:0:0:0:0:0:0:0:1:0:0:0:128:128:128:128
shield-25,left,3,0:0:0:0:0:0:0:0:0:0:1:0:0:0:128:128:128:128
shield-25,left,4,0:0:0:0:0:0:0:0:0:0:1:0:0:0:128:128:128:128
shield-25,left,5,0:0:0:0:0:0:0:0:0:0:1:0:0:0:128:128:128:128
shield-25,left,6,0:0:0:0:0:0:0:0:0:0:1:0:0:0:128:128:128:128
shield-25,left,7,0:0:0:0:0:0:0:0:0:0:1:0:0:0:128:128:128:128
shield-25,left,8,0:0:0:0:0:0:0:0:0:0:1:0:0:0:128:128:128:128
shield-25,left,9,0:0:0:0:0:0:0:0:0:0:1:0:0:0:128:128:128:128
shield-25,left,10,0:0:0:0:0:0:0:0:0:0:1:0:0:0:128:128:128:128
shield-25,left,11,0:0:0:0:0:0:0:0:0:0:1:0:0:0:128:128:128:128
shield-25,left,12,0:0:0:0:0:0:0:0:0:0:1:0:0:0:128:128:128:128
shield-25,left,13,0:0:0:0:0:0:0:0:0:0:1:0:0:0:128:128:128:128
shield-25,left,14,0:0:0:0:0:0:0:0:0:0:1:0:0:0:128:128:128:128
shield-25,left,15,0:0:0:0:0:0:0:0:0:0:1:0:0:0:128:128:128:128
shield-25,left,16,0:0:0:0:0:0:0:0:0:0:1:0:0:0:128:128:128:128
shield-25,left,17,0:0:0:0:0:0:0:0:0:0:1:0:0:0:128:128:128:128
shield-25,left,18,0:0:0:0:0:0:0:0:0:0:1:0:0:0:128:128:128:128
shield-25,left,19,0:0:0:0:0:0:0:0:0:0:1:0:0:0:128:128:128:128
shield-25,left,20,0:0:0:0:0:0:0:0:0:0:1:0:0:0:128:128:128:128
shield-25,left,21,0:0:0:0:0:0:0:0:0:0:1:0:0:0:128:128:128:128
shield-25,left,22,0:0:0:0:0:0:0:0:0:0:1:0:0:0:128:128:128:128
shield-25,left,23,0:0:0:0:0:0:0:0:0:0:1:0:0:0:128:128:128:128
shield-25,left,24,0:0:0:0:0:0:0:0:0:0:1:0:0:0:128:128:128:128
shield-25,left,25,0:0:0:0:0:0:0:0:0:0:1:0:0:0:128:128:128:128
charge-shot,right,1,0:0:1:0:0:0:0:0:0:0:0:0:0:0:128:128:128:128
charge-shot,right,2,0:0:0:0:0:0:0:0:0:0:0:0:0:0:128:128:128:128
charge-shot,right,3,0:0:0:0:0:0:0:0:0:0:0:0:0:0:128:128:128:128
charge-shot,right,4,0:0:0:0:0:0:0:0:0:0:0:0:0:0:128:128:128:128
charge-shot,right,5,0:0:0:0:0:0:0:0:0:0:0:0:0:0:128:128:128:128
charge-shot,right,6,0:0:0:0:0:0:0:0:0:0:0:0:0:0:128:128:128:128
charge-shot,right,7,0:0:0:0:0:0:0:0:0:0:0:0:0:0:128:128:128:128
charge-shot,right,8,0:0:0:0:0:0:0:0:0:0:0:0:0:0:128:128:128:128
charge-shot,right,9,0:0:0:0:0:0:0:0:0:0:0:0:0:0:128:128:128:128
charge-shot,right,10,0:0:0:0:0:0:0:0:0:0:0:0:0:0:128:128:128:128
charge-shot,right,11,0:0:0:0:0:0:0:0:0:0:0:0:0:0:128:128:128:128
charge-shot,right,12,0:0:0:0:0:0:0:0:0:0:0:0:0:0:128:128:128:128
charge-shot,right,13,0:0:0:0:0:0:0:0:0:0:0:0:0:0:128:128:128:128
charge-shot,right,14,0:0:0:0:0:0:0:0:0:0:0:0:0:0:128:128:128:128
charge-shot,right,15,0:0:1:0:0:0:0:0:0:0:0:0:0:0:128:128:128:128
d-air,right,1,0:0:0:1:0:0:0:0:0:0:0:0:0:0:128:128:128:128
d-air,right,2,0:0:0:1:0:0:0:0:0:0:0:0:0:0:128:128:128:128
d-air,right,3,0:0:0:1:0:0:0:0:0:0:0:0:0:0:128:128:128:128
d-air,right,4,0:0:0:1:0:0:0:0:0:0:0:0:0:0:128:128:128:128
d-air,right,5,0:0:0:1:0:0:0:0:0:0:0:0:0:0:128:128:128:128
d-air,right,6,0:0:0:1:0:0:0:0:0:0:0:0:0:0:128:128:128:128
d-air,right,7,0:1:0:0:0:0:0:0:0:0:0:0:0:0:128:90:128:128
d-smash,right,1,0:1:0:0:0:0:0:0:0:0:0:0:0:0:128:50:128:128
d-tilt,right,1,0:1:0:0:0:0:0:0:0:0:0:0:0:0:128:90:128:128
n-air,right,1,0:0:0:1:0:0:0:0:0:0:0:0:0:0:128:128:128:128
n-air,right,2,0:0:0:1:0:0:0:0:0:0:0:0:0:0:128:128:128:128
n-air,right,3,0:0:0:1:0:0:0:0:0:0:0:0:0:0:128:128:128:128
n-air,right,4,0:0:0:1:0:0:0:0:0:0:0:0:0:0:128:128:128:128
n-air,right,5,0:0:0:1:0:0:0:0:0:0:0:0:0:0:128:128:128:128
n-air,right,6,0:0:0:1:0:0:0:0:0:0:0:0:0:0:128:128:128:128
n-air,right,7,0:1:0:0:0:0:0:0:0:0:0:0:0:0:128:128:128:128
neutral-a,right,1,0:1:0:0:0:0:0:0:0:0:0:0:0:0:128:128:128:128
neutral-b,right,1,0:0:1:0:0:0:0:0:0:0:0:0:0:0:128:128:128:128
u-air,right,1,0:0:0:1:0:0:0:0:0:0:0:0:0:0:128:128:128:128
u-air,right,2,0:0:0:1:0:0:0:0:0:0:0:0:0:0:128:128:128:128
u-air,right,3,0:0:0:1:0:0:0:0:0:0:0:0:0:0:128:128:128:128
u-air,right,4,0:0:0:1:0:0:0:0:0:0:0:0:0:0:128:128:128:128
u-air,right,5,0:0:0:1:0:0:0:0:0:0:0:0:0:0:128:128:128:128
u-air,right,6,0:0:0:1:0:0:0:0:0:0:0:0:0:0:128:128:128:128
u-air,right,7,0:1:0:0:0:0:0:0:0:0:0:0:0:0:128:165:128:128
u-smash,right,1,0:1:0:0:0:0:0:0:0:0:0:0:0:0:128:205:128:128
u-tilt,right,1,0:1:0:0:0:0:0:0:0:0:0:0:0:0:128:165:128:128
down-b,right,1,0:0:1:0:0:0:0:0:0:0:0:0:0:0:128:50:128:128
up-b,right,1,0:0:1:0:0:0:0:0:0:0:0:0:0:0:128:205:128:128
standing-grab,right,1,0:0:0:0:0:1:0:0:0:0:0:0:0:0:128:128:128:128
air-dodge,right,1,0:0:0:1:0:0:0:0:0:0:0:0:0:0:128:128:128:128
air-dodge,right,2,0:0:0:1:0:0:0:0:0:0:0:0:0:0:128:128:128:128
air-dodge,right,3,0:0:0:1:0:0:0:0:0:0:0:0:0:0:128:128:128:128
air-dodge,right,4,0:0:0:1:0:0:0:0:0:0:0:0:0:0:128:128:128:128
air-dodge,right,5,0:0:0:1:0:0:0:0:0:0:0:0:0:0:128:128:128:128
air-dodge,right,6,0:0:0:1:0:0:0:0:0:0:0:0:0:0:128:128:128:128
air-dodge,right,7,0:0:0:0:0:0:0:0:0:0:1:0:0:0:128:128:128:128
spot-dodge,right,1,0:0:0:0:0:0:0:0:0:0:1:0:0:0:128:50:128:128
full-jump,right,1,0:0:0:1:0:0:0:0:0:0:0:0:0:0:128:128:128:128
full-jump,right,2,0:0:0:1:0:0:0:0:0:0:0:0:0:0:128:128:128:128
full-jump,right,3,0:0:0:1:0:0:0:0:0:0:0:0:0:0:128:128:128:128
full-jump,right,4,0:0:0:1:0:0:0:0:0:0:0:0:0:0:128:128:128:128
full-jump,right,5,0:0:0:1:0:0:0:0:0:0:0:0:0:0:128:128:128:128
full-jump,right,6,0:0:0:1:0:0:0:0:0:0:0:0:0:0:128:128:128:128
short-hop,right,1,0:0:0:1:0:0:0:0:0:0:0:0:0:0:128:128:128:128
stand-1,right,1,0:0:0:0:0:0:0:0:0:0:0:0:0:0:128:128:128:128
stand-5,right,1,0:0:0:0:0:0:0:0:0:0:0:0:0:0:128:128:128:128
stand-10,right,1,0:0:0:0:0:0:0:0:0:0:0:0:0:0:128:128:128:128
stand-25,right,1,0:0:0:0:0:0:0:0:0:0:0:0:0:0:128:128:128:128
stand-100,right,1,0:0:0:0:0:0:0:0:0:0:0:0:0:0:128:128:128:128
background-off,right,1,0:0:0:1:0:0:0:1:0:0:0:0:0:0:128:128:128:128
background-off,right,2,0:0:0:0:0:0:0:0:0:0:0:0:0:0:128:128:128:128
background-off,right,3,0:0:0:1:0:0:0:1:0:0:0:0:0:0:128:128:128:128
background-off,right,4,0:0:0:0:0:0:0:0:0:0:0:0:0:0:128:128:128:128
background-off,right,5,0:0:0:0:0:0:0:0:0:0:0:0:0:0:128:128:128:128
background-off,right,6,0:0:0:1:0:0:0:1:0:0:0:0:0:0:128:128:128:128
hud-off,right,1,0:0:0:1:0:0:0:1:0:0:0:0:0:0:128:128:128:128
hud-off,right,2,0:0:0:0:0:0:0:0:0:0:0:0:0:0:128:128:128:128
hud-off,right,3,0:0:0:1:0:0:0:0:0:0:0:0:0:0:128:128:128:128
hud-off,right,4,0:0:0:0:0:0:0:0:0:0:0:0:0:0:128:128:128:128
hud-off,right,5,0:0:0:0:0:0:0:0:0:0:0:0:0:0:128:128:128:128
hud-off,right,6,0:0:0:1:0:0:0:0:0:0:0:0:0:0:128:128:128:128
double-jump,right,1,0:0:0:1:0:0:0:0:0:0:0:0:0:0:128:128:128:128
double-jump,right,2,0:0:0:0:0:0:0:0:0:0:0:0:0:0:128:128:128:128
double-jump,right,3,0:0:0:0:0:0:0:0:0:0:0:0:0:0:128:128:128:128
double-jump,right,4,0:0:0:0:0:0:0:0:0:0:0:0:0:0:128:128:128:128
double-jump,right,5,0:0:0:0:0:0:0:0:0:0:0:0:0:0:128:128:128:128
double-jump,right,6,0:0:0:1:0:0:0:0:0:0:0:0:0:0:128:128:128:128
shield-25,right,1,0:0:0:0:0:0:0:0:0:0:1:0:0:0:128:128:128:128
shield-25,right,2,0:0:0:0:0:0:0:0:0:0:1:0:0:0:128:128:128:128
shield-25,right,3,0:0:0:0:0:0:0:0:0:0:1:0:0:0:128:128:128:128
shield-25,right,4,0:0:0:0:0:0:0:0:0:0:1:0:0:0:128:128:128:128
shield-25,right,5,0:0:0:0:0:0:0:0:0:0:1:0:0:0:128:128:128:128
shield-25,right,6,0:0:0:0:0:0:0:0:0:0:1:0:0:0:128:128:128:128
shield-25,right,7,0:0:0:0:0:0:0:0:0:0:1:0:0:0:128:128:128:128
shield-25,right,8,0:0:0:0:0:0:0:0:0:0:1:0:0:0:128:128:128:128
shield-25,right,9,0:0:0:0:0:0:0:0:0:0:1:0:0:0:128:128:128:128
shield-25,right,10,0:0:0:0:0:0:0:0:0:0:1:0:0:0:128:128:128:128
shield-25,right,11,0:0:0:0:0:0:0:0:0:0:1:0:0:0:128:128:128:128
shield-25,right,12,0:0:0:0:0:0:0:0:0:0:1:0:0:0:128:128:128:128
shield-25,right,13,0:0:0:0:0:0:0:0:0:0:1:0:0:0:128:128:128:128
shield-25,right,14,0:0:0:0:0:0:0:0:0:0:1:0:0:0:128:128:128:128
shield-25,right,15,0:0:0:0:0:0:0:0:0:0:1:0:0:0:128:128:128:128
shield-25,right,16,0:0:0:0:0:0:0:0:0:0:1:0:0:0:128:128:128:128
shield-25,right,17,0:0:0:0:0:0:0:0:0:0:1:0:0:0:128:128:128:128
shield-25,right,18,0:0:0:0:0:0:0:0:0:0:1:0:0:0:128:128:128:128
shield-25,right,19,0:0:0:0:0:0:0:0:0:0:1:0:0:0:128:128:128:128
shield-25,right,20,0:0:0:0:0:0:0:0:0:0:1:0:0:0:128:128:128:128
shield-25,right,21,0:0:0:0:0:0:0:0:0:0:1:0:0:0:128:128:128:128
shield-25,right,22,0:0:0:0:0:0:0:0:0:0:1:0:0:0:128:128:128:128
shield-25,right,23,0:0:0:0:0:0:0:0:0:0:1:0:0:0:128:128:128:128
shield-25,right,24,0:0:0:0:0:0:0:0:0:0:1:0:0:0:128:128:128:128
shield-25,right,25,0:0:0:0:0:0:0:0:0:0:1:0:0:0:128:128:128:128
b-air,left,1,0:0:0:1:0:0:0:0:0:0:0:0:0:0:128:128:128:128
b-air,left,2,0:0:0:1:0:0:0:0:0:0:0:0:0:0:128:128:128:128
b-air,left,3,0:0:0:1:0:0:0:0:0:0:0:0:0:0:128:128:128:128
b-air,left,4,0:0:0:1:0:0:0:0:0:0:0:0:0:0:128:128:128:128
b-air,left,5,0:0:0:1:0:0:0:0:0:0:0:0:0:0:128:128:128:128
b-air,left,6,0:0:0:1:0:0:0:0:0:0:0:0:0:0:128:128:128:128
b-air,left,7,0:1:0:0:0:0:0:0:0:0:0:0:0:0:165:128:128:128
b-air,right,1,0:0:0:1:0:0:0:0:0:0:0:0:0:0:128:128:128:128
b-air,right,2,0:0:0:1:0:0:0:0:0:0:0:0:0:0:128:128:128:128
b-air,right,3,0:0:0:1:0:0:0:0:0:0:0:0:0:0:128:128:128:128
b-air,right,4,0:0:0:1:0:0:0:0:0:0:0:0:0:0:128:128:128:128
b-air,right,5,0:0:0:1:0:0:0:0:0:0:0:0:0:0:128:128:128:128
b-air,right,6,0:0:0:1:0:0:0:0:0:0:0:0:0:0:128:128:128:128
b-air,right,7,0:1:0:0:0:0:0:0:0:0:0:0:0:0:90:128:128:128
dash-attack,left,1,0:0:0:0:0:0:0:0:0:0:0:0:0:0:50:128:128:128
dash-attack,left,2,0:0:0:0:0:0:0:0:0:0:0:0:0:0:50:128:128:128
dash-attack,left,3,0:0:0:0:0:0:0:0:0:0:0:0:0:0:50:128:128:128
dash-attack,left,4,0:0:0:0:0:0:0:0:0:0:0:0:0:0:50:128:128:128
dash-attack,left,5,0:0:0:0:0:0:0:0:0:0:0:0:0:0:50:128:128:128
dash-attack,left,6,0:1:0:0:0:0:0:0:0:0:0:0:0:0:50:128:128:128
dash-attack,right,1,0:0:0:0:0:0:0:0:0:0:0:0:0:0:205:128:128:128
dash-attack,right,2,0:0:0:0:0:0:0:0:0:0:0:0:0:0:205:128:128:128
dash-attack,right,3,0:0:0:0:0:0:0:0:0:0:0:0:0:0:205:128:128:128
dash-attack,right,4,0:0:0:0:0:0:0:0:0:0:0:0:0:0:205:128:128:128
dash-attack,right,5,0:0:0:0:0:0:0:0:0:0:0:0:0:0:205:128:128:128
dash-attack,right,6,0:1:0:0:0:0:0:0:0:0:0:0:0:0:205:128:128:128
f-air,left,1,0:0:0:1:0:0:0:0:0:0:0:0:0:0:128:128:128:128
f-air,left,2,0:0:0:1:0:0:0:0:0:0:0:0:0:0:128:128:128:128
f-air,left,3,0:0:0:1:0:0:0:0:0:0:0:0:0:0:128:128:128:128
f-air,left,4,0:0:0:1:0:0:0:0:0:0:0:0:0:0:128:128:128:128
f-air,left,5,0:0:0:1:0:0:0:0:0:0:0:0:0:0:128:128:128:128
f-air,left,6,0:0:0:1:0:0:0:0:0:0:0:0:0:0:128:128:128:128
f-air,left,7,0:1:0:0:0:0:0:0:0:0:0:0:0:0:90:128:128:128
f-air,right,1,0:0:0:1:0:0:0:0:0:0:0:0:0:0:128:128:128:128
f-air,right,2,0:0:0:1:0:0:0:0:0:0:0:0:0:0:128:128:128:128
f-air,right,3,0:0:0:1:0:0:0:0:0:0:0:0:0:0:128:128:128:128
f-air,right,4,0:0:0:1:0:0:0:0:0:0:0:0:0:0:128:128:128:128
f-air,right,5,0:0:0:1:0:0:0:0:0:0:0:0:0:0:128:128:128:128
f-air,right,6,0:0:0:1:0:0:0:0:0:0:0:0:0:0:128:128:128:128
f-air,right,7,0:1:0:0:0:0:0:0:0:0:0:0:0:0:165:128:128:128
f-smash,left,1,0:1:0:0:0:0:0:0:0:0:0:0:0:0:50:128:128:128
f-smash,right,1,0:1:0:0:0:0:0:0:0:0:0:0:0:0:205:128:128:128
f-tilt,left,1,0:1:0:0:0:0:0:0:0:0:0:0:0:0:90:128:128:128
f-tilt,right,1,0:1:0:0:0:0:0:0:0:0:0:0:0:0:165:128:128:128
side-b,left,1,0:0:1:0:0:0:0:0:0:0:0:0:0:0:50:128:128:128
side-b,right,1,0:0:1:0:0:0:0:0:0:0:0:0:0:0:205:128:128:128
running-grab,left,1,0:0:0:0:0:0:0:0:0:0:0:0:0:0:50:128:128:128
running-grab,left,2,0:0:0:0:0:1:0:0:0:0:0:0:0:0:50:128:128:128
running-grab,right,1,0:0:0:0:0:0:0:0:0:0:0:0:0:0:205:128:128:128
running-grab,right,2,0:0:0:0:0:1:0:0:0:0:0:0:0:0:205:128:128:128
roll-forward,left,1,0:0:0:0:0:0:0:0:0:0:1:0:0:0:128:128:128:128
roll-forward,left,2,0:0:0:0:0:0:0:0:0:0:1:0:0:0:50:128:128:128
roll-forward,right,1,0:0:0:0:0:0:0:0:0:0:1:0:0:0:128:128:128:128
roll-forward,right,2,0:0:0:0:0:0:0:0:0:0:1:0:0:0:205:128:128:128
roll-backward,left,1,0:0:0:0:0:0:0:0:0:0:1:0:0:0:128:128:128:128
roll-backward,left,2,0:0:0:0:0:0:0:0:0:0:1:0:0:0:205:128:128:128
roll-backward,right,1,0:0:0:0:0:0:0:0:0:0:1:0:0:0:128:128:128:128
roll-backward,right,2,0:0:0:0:0:0:0:0:0:0:1:0:0:0:50:128:128:128
turn-around,left,1,0:0:0:0:0:0:0:0:0:0:0:0:0:0:205:128:128:128
turn-around,right,1,0:0:0:0:0:0:0:0:0:0:0:0:0:0:50:128:128:128
dash-10,left,1,0:0:0:0:0:0:0:0:0:0:0:0:0:0:50:128:128:128
dash-10,left,2,0:0:0:0:0:0:0:0:0:0:0:0:0:0:50:128:128:128
dash-10,left,3,0:0:0:0:0:0:0:0:0:0:0:0:0:0:50:128:128:128
dash-10,left,4,0:0:0:0:0:0:0:0:0:0:0:0:0:0:50:128:128:128
dash-10,left,5,0:0:0:0:0:0:0:0:0:0:0:0:0:0:50:128:128:128
dash-10,left,6,0:0:0:0:0:0:0:0:0:0:0:0:0:0:50:128:128:128
dash-10,left,7,0:0:0:0:0:0:0:0:0:0:0:0:0:0:50:128:128:128
dash-10,left,8,0:0:0:0:0:0:0:0:0:0:0:0:0:0:50:128:128:128
dash-10,left,9,0:0:0:0:0:0:0:0:0:0:0:0:0:0:50:128:128:128
dash-10,left,10,0:0:0:0:0:0:0:0:0:0:0:0:0:0:50:128:128:128
dash-10,right,1,0:0:0:0:0:0:0:0:0:0:0:0:0:0:205:128:128:128
dash-10,right,2,0:0:0:0:0:0:0:0:0:0:0:0:0:0:205:128:128:128
dash-10,right,3,0:0:0:0:0:0:0:0:0:0:0:0:0:0:205:128:128:128
dash-10,right,4,0:0:0:0:0:0:0:0:0:0:0:0:0:0:205:128:128:128
dash-10,right,5,0:0:0:0:0:0:0:0:0:0:0:0:0:0:205:128:128:128
dash-10,right,6,0:0:0:0:0:0:0:0:0:0:0:0:0:0:205:128:128:128
dash-10,right,7,0:0:0:0:0:0:0:0:0:0:0:0:0:0:205:128:128:128
dash-10,right,8,0:0:0:0:0:0:0:0:0:0:0:0:0:0:205:128:128:128
dash-10,right,9,0:0:0:0:0:0:0:0:0:0:0:0:0:0:205:128:128:128
dash-10,right,10,0:0:0:0:0:0:0:0:0:0:0:0:0:0:205:128:128:128
dash-25,left,1,0:0:0:0:0:0:0:0:0:0:0:0:0:0:50:128:128:128
dash-25,left,2,0:0:0:0:0:0:0:0:0:0:0:0:0:0:50:128:128:128
dash-25,left,3,0:0:0:0:0:0:0:0:0:0:0:0:0:0:50:128:128:128
dash-25,left,4,0:0:0:0:0:0:0:0:0:0:0:0:0:0:50:128:128:128
dash-25,left,5,0:0:0:0:0:0:0:0:0:0:0:0:0:0:50:128:128:128
dash-25,left,6,0:0:0:0:0:0:0:0:0:0:0:0:0:0:50:128:128:128
dash-25,left,7,0:0:0:0:0:0:0:0:0:0:0:0:0:0:50:128:128:128
dash-25,left,8,0:0:0:0:0:0:0:0:0:0:0:0:0:0:50:128:128:128
dash-25,left,9,0:0:0:0:0:0:0:0:0:0:0:0:0:0:50:128:128:128
dash-25,left,10,0:0:0:0:0:0:0:0:0:0:0:0:0:0:50:128:128:128
dash-25,left,11,0:0:0:0:0:0:0:0:0:0:0:0:0:0:50:128:128:128
dash-25,left,12,0:0:0:0:0:0:0:0:0:0:0:0:0:0:50:128:128:128
dash-25,left,13,0:0:0:0:0:0:0:0:0:0:0:0:0:0:50:128:128:128
dash-25,left,14,0:0:0:0:0:0:0:0:0:0:0:0:0:0:50:128:128:128
dash-25,left,15,0:0:0:0:0:0:0:0:0:0:0:0:0:0:50:128:128:128
dash-25,left,16,0:0:0:0:0:0:0:0:0:0:0:0:0:0:50:128:128:128
dash-25,left,17,0:0:0:0:0:0:0:0:0:0:0:0:0:0:50:128:128:128
dash-25,left,18,0:0:0:0:0:0:0:0:0:0:0:0:0:0:50:128:128:128
dash-25,left,19,0:0:0:0:0:0:0:0:0:0:0:0:0:0:50:128:128:128
dash-25,left,20,0:0:0:0:0:0:0:0:0:0:0:0:0:0:50:128:128:128
dash-25,left,21,0:0:0:0:0:0:0:0:0:0:0:0:0:0:50:128:128:128
dash-25,left,22,0:0:0:0:0:0:0:0:0:0:0:0:0:0:50:128:128:128
dash-25,left,23,0:0:0:0:0:0:0:0:0:0:0:0:0:0:50:128:128:128
dash-25,left,24,0:0:0:0:0:0:0:0:0:0:0:0:0:0:50:128:128:128
dash-25,left,25,0:0:0:0:0:0:0:0:0:0:0:0:0:0:50:128:128:128
dash-25,right,1,0:0:0:0:0:0:0:0:0:0:0:0:0:0:205:128:128:128
dash-25,right,2,0:0:0:0:0:0:0:0:0:0:0:0:0:0:205:128:128:128
dash-25,right,3,0:0:0:0:0:0:0:0:0:0:0:0:0:0:205:128:128:128
dash-25,right,4,0:0:0:0:0:0:0:0:0:0:0:0:0:0:205:128:128:128
dash-25,right,5,0:0:0:0:0:0:0:0:0:0:0:0:0:0:205:128:128:128
dash-25,right,6,0:0:0:0:0:0:0:0:0:0:0:0:0:0:205:128:128:128
dash-25,right,7,0:0:0:0:0:0:0:0:0:0:0:0:0:0:205:128:128:128
dash-25,right,8,0:0:0:0:0:0:0:0:0:0:0:0:0:0:205:128:128:128
dash-25,right,9,0:0:0:0:0:0:0:0:0:0:0:0:0:0:205:128:128:128
dash-25,right,10,0:0:0:0:0:0:0:0:0:0:0:0:0:0:205:128:128:128
dash-25,right,11,0:0:0:0:0:0:0:0:0:0:0:0:0:0:205:128:128:128
dash-25,right,12,0:0:0:0:0:0:0:0:0:0:0:0:0:0:205:128:128:128
dash-25,right,13,0:0:0:0:0:0:0:0:0:0:0:0:0:0:205:128:128:128
dash-25,right,14,0:0:0:0:0:0:0:0:0:0:0:0:0:0:205:128:128:128
dash-25,right,15,0:0:0:0:0:0:0:0:0:0:0:0:0:0:205:128:128:128
dash-25,right,16,0:0:0:0:0:0:0:0:0:0:0:0:0:0:205:128:128:128
dash-25,right,17,0:0:0:0:0:0:0:0:0:0:0:0:0:0:205:128:128:128
dash-25,right,18,0:0:0:0:0:0:0:0:0:0:0:0:0:0:205:128:128:128
dash-25,right,19,0:0:0:0:0:0:0:0:0:0:0:0:0:0:205:128:128:128
dash-25,right,20,0:0:0:0:0:0:0:0:0:0:0:0:0:0:205:128:128:128
dash-25,right,21,0:0:0:0:0:0:0:0:0:0:0:0:0:0:205:128:128:128
dash-25,right,22,0:0:0:0:0:0:0:0:0:0:0:0:0:0:205:128:128:128
dash-25,right,23,0:0:0:0:0:0:0:0:0:0:0:0:0:0:205:128:128:128
dash-25,right,24,0:0:0:0:0:0:0:0:0:0:0:0:0:0:205:128:128:128
dash-25,right,25,0:0:0:0:0:0:0:0:0:0:0:0:0:0:205:128:128:128
walk-25,left,1,0:0:0:0:0:0:0:0:0:0:0:0:0:0:90:128:128:128
walk-25,left,2,0:0:0:0:0:0:0:0:0:0:0:0:0:0:90:128:128:128
walk-25,left,3,0:0:0:0:0:0:0:0:0:0:0:0:0:0:90:128:128:128
walk-25,left,4,0:0:0:0:0:0:0:0:0:0:0:0:0:0:90:128:128:128
walk-25,left,5,0:0:0:0:0:0:0:0:0:0:0:0:0:0:90:128:128:128
walk-25,left,6,0:0:0:0:0:0:0:0:0:0:0:0:0:0:90:128:128:128
walk-25,left,7,0:0:0:0:0:0:0:0:0:0:0:0:0:0:90:128:128:128
walk-25,left,8,0:0:0:0:0:0:0:0:0:0:0:0:0:0:90:128:128:128
walk-25,left,9,0:0:0:0:0:0:0:0:0:0:0:0:0:0:90:128:128:128
walk-25,left,10,0:0:0:0:0:0:0:0:0:0:0:0:0:0:90:128:128:128
walk-25,left,11,0:0:0:0:0:0:0:0:0:0:0:0:0:0:90:128:128:128
walk-25,left,12,0:0:0:0:0:0:0:0:0:0:0:0:0:0:90:128:128:128
walk-25,left,13,0:0:0:0:0:0:0:0:0:0:0:0:0:0:90:128:128:128
walk-25,left,14,0:0:0:0:0:0:0:0:0:0:0:0:0:0:90:128:128:128
walk-25,left,15,0:0:0:0:0:0:0:0:0:0:0:0:0:0:90:128:128:128
walk-25,left,16,0:0:0:0:0:0:0:0:0:0:0:0:0:0:90:128:128:128
walk-25,left,17,0:0:0:0:0:0:0:0:0:0:0:0:0:0:90:128:128:128
walk-25,left,18,0:0:0:0:0:0:0:0:0:0:0:0:0:0:90:128:128:128
walk-25,left,19,0:0:0:0:0:0:0:0:0:0:0:0:0:0:90:128:128:128
walk-25,left,20,0:0:0:0:0:0:0:0:0:0:0:0:0:0:90:128:128:128
walk-25,left,21,0:0:0:0:0:0:0:0:0:0:0:0:0:0:90:128:128:128
walk-25,left,22,0:0:0:0:0:0:0:0:0:0:0:0:0:0:90:128:128:128
walk-25,left,23,0:0:0:0:0:0:0:0:0:0:0:0:0:0:90:128:128:128
walk-25,left,24,0:0:0:0:0:0:0:0:0:0:0:0:0:0:90:128:128:128
walk-25,left,25,0:0:0:0:0:0:0:0:0:0:0:0:0:0:90:128:128:128
walk-25,right,1,0:0:0:0:0:0:0:0:0:0:0:0:0:0:165:128:128:128
walk-25,right,2,0:0:0:0:0:0:0:0:0:0:0:0:0:0:165:128:128:128
walk-25,right,3,0:0:0:0:0:0:0:0:0:0:0:0:0:0:165:128:128:128
walk-25,right,4,0:0:0:0:0:0:0:0:0:0:0:0:0:0:165:128:128:128
walk-25,right,5,0:0:0:0:0:0:0:0:0:0:0:0:0:0:165:128:128:128
walk-25,right,6,0:0:0:0:0:0:0:0:0:0:0:0:0:0:165:128:128:128
walk-25,right,7,0:0:0:0:0:0:0:0:0:0:0:0:0:0:165:128:128:128
walk-25,right,8,0:0:0:0:0:0:0:0:0:0:0:0:0:0:165:128:128:128
walk-25,right,9,0:0:0:0:0:0:0:0:0:0:0:0:0:0:165:128:128:128
walk-25,right,10,0:0:0:0:0:0:0:0:0:0:0:0:0:0:165:128:128:128
walk-25,right,11,0:0:0:0:0:0:0:0:0:0:0:0:0:0:165:128:128:128
walk-25,right,12,0:0:0:0:0:0:0:0:0:0:0:0:0:0:165:128:128:128
walk-25,right,13,0:0:0:0:0:0:0:0:0:0:0:0:0:0:165:128:128:128
walk-25,right,14,0:0:0:0:0:0:0:0:0:0:0:0:0:0:165:128:128:128
walk-25,right,15,0:0:0:0:0:0:0:0:0:0:0:0:0:0:165:128:128:128
walk-25,right,16,0:0:0:0:0:0:0:0:0:0:0:0:0:0:165:128:128:128
walk-25,right,17,0:0:0:0:0:0:0:0:0:0:0:0:0:0:165:128:128:128
walk-25,right,18,0:0:0:0:0:0:0:0:0:0:0:0:0:0:165:128:128:128
walk-25,right,19,0:0:0:0:0:0:0:0:0:0:0:0:0:0:165:128:128:128
walk-25,right,20,0:0:0:0:0:0:0:0:0:0:0:0:0:0:165:128:128:128
walk-25,right,21,0:0:0:0:0:0:0:0:0:0:0:0:0:0:165:128:128:128
walk-25,right,22,0:0:0:0:0:0:0:0:0:0:0:0:0:0:165:128:128:128
walk-25,right,23,0:0:0:0:0:0:0:0:0:0:0:0:0:0:165:128:128:128
walk-25,right,24,0:0:0:0:0:0:0:0:0:0:0:0:0:0:165:128:128:128
walk-25,right,25,0:0:0:0:0:0:0:0:0:0:0:0:0:0:165:128:128:128
